n,n_trials,runtime_sec
2500,50,46.36889991699718
3000,50,61.92411862500012
3500,50,90.85560645803344
4000,50,121.60017591697397
4500,50,176.5728884160053
5000,50,229.6554136669729
